{
  "robotWidth" : 0.7873999989839999,
  "robotLength" : 1.041400001016,
  "holonomicMode" : true,
  "pathFolders" : [ ],
  "autoFolders" : [ ],
  "defaultMaxVel" : 3.0,
  "defaultMaxAccel" : 3.0,
  "defaultMaxAngVel" : 540.0,
  "defaultMaxAngAccel" : 720.0,
  "defaultNominalVoltage" : 12.0,
  "robotMass" : 52.16308,
  "robotMOI" : 6.883,
  "robotTrackwidth" : 0.546,
  "driveWheelRadius" : 0.0508,
  "driveGearing" : 6.75,
  "maxDriveSpeed" : 7.3152,
  "driveMotorType" : "NEO",
  "driveCurrentLimit" : 40,
  "wheelCOF" : 1.19,
  "flModuleX" : 0.37465,
  "flModuleY" : 0.25082499999999996,
  "frModuleX" : 0.37465,
  "frModuleY" : -0.25082499999999996,
  "blModuleX" : -0.37465,
  "blModuleY" : 0.25082499999999996,
  "brModuleX" : -0.37465,
  "brModuleY" : -0.25082499999999996,
  "bumperOffsetX" : 0.0,
  "bumperOffsetY" : 0.0,
  "robotFeatures" : [ ]
}